epoch,time,train/box_loss,train/cls_loss,train/dfl_loss,metrics/precision(B),metrics/recall(B),metrics/mAP50(B),metrics/mAP50-95(B),val/box_loss,val/cls_loss,val/dfl_loss,lr/pg0,lr/pg1,lr/pg2
1,71.8036,1.79004,2.46139,1.85108,0.00154,0.11705,0.0009,0.0003,4.05704,inf,10.9481,0.000548633,0.000548633,0.000548633
2,132.965,2.02296,2.44628,2.03198,0.00565,0.00455,0.00252,0.00083,nan,nan,nan,0.00109337,0.00109337,0.00109337
3,193.397,2.00465,2.3335,2.00173,0.00726,0.0197,0.00157,0.00047,nan,nan,nan,0.0016271,0.0016271,0.0016271
4,253.958,1.94071,2.29879,1.95247,0.21567,0.06174,0.04345,0.01229,2.59516,8.13693,3.05563,0.00161749,0.00161749,0.00161749
5,315.268,1.85479,2.24301,1.90311,0.2497,0.27992,0.23692,0.09223,2.1536,4.91381,2.28345,0.00160099,0.00160099,0.00160099
6,376.607,1.76309,1.99841,1.77233,0.33977,0.18258,0.21818,0.07709,2.18047,5.07877,2.19454,0.00158448,0.00158448,0.00158448
7,437.582,1.68786,1.86491,1.73952,0.33457,0.3965,0.26954,0.09025,2.25533,2.90604,2.23578,0.00156798,0.00156798,0.00156798
8,503.406,1.63756,1.73662,1.68931,0.40809,0.41742,0.33327,0.16098,1.88906,2.11847,1.87351,0.00155148,0.00155148,0.00155148
9,564.618,1.61901,1.72188,1.6656,0.65688,0.48598,0.57275,0.25792,1.81005,1.78401,1.81282,0.00153497,0.00153497,0.00153497
10,632.141,1.60847,1.65005,1.66304,0.36055,0.41856,0.32877,0.14431,2.08504,2.5192,2.12515,0.00151847,0.00151847,0.00151847
11,693.486,1.61596,1.64418,1.68424,0.47637,0.37273,0.36696,0.15607,2.00599,2.02412,2.0122,0.00150197,0.00150197,0.00150197
12,754.811,1.57302,1.5898,1.63993,0.5137,0.41326,0.42023,0.17528,1.97461,2.04415,1.94162,0.00148546,0.00148546,0.00148546
13,816.082,1.51926,1.50179,1.58892,0.65667,0.55303,0.57178,0.25978,1.81856,2.03749,1.82598,0.00146896,0.00146896,0.00146896
14,882.043,1.48379,1.46019,1.58115,0.45894,0.60264,0.47784,0.2092,1.77264,1.97829,1.81351,0.00145246,0.00145246,0.00145246
15,943.238,1.45393,1.38747,1.5604,0.56482,0.47841,0.44919,0.20592,1.93672,2.02439,1.90272,0.00143595,0.00143595,0.00143595
16,1005.01,1.44671,1.40204,1.54507,0.67214,0.56288,0.59377,0.30097,1.69574,1.61554,1.72493,0.00141945,0.00141945,0.00141945
17,1071.25,1.42861,1.39762,1.5601,0.55081,0.65592,0.59376,0.29442,1.69444,1.6136,1.6971,0.00140295,0.00140295,0.00140295
18,1132.65,1.43753,1.33445,1.54133,0.66343,0.4536,0.46793,0.21776,1.98355,2.14323,2.0191,0.00138644,0.00138644,0.00138644
19,1193.98,1.40449,1.33053,1.51734,0.7556,0.48112,0.5997,0.27358,1.77934,1.66073,1.77,0.00136994,0.00136994,0.00136994
20,1256.3,1.38518,1.28764,1.50388,0.64712,0.62072,0.6354,0.33099,1.6632,1.42844,1.6637,0.00135344,0.00135344,0.00135344
21,1322.46,1.35757,1.23763,1.49212,0.70984,0.62765,0.66255,0.30909,1.72827,1.43759,1.7544,0.00133693,0.00133693,0.00133693
22,1383.84,1.35487,1.22445,1.48462,0.69038,0.60644,0.6483,0.32911,1.68427,1.40846,1.73248,0.00132043,0.00132043,0.00132043
23,1445.56,1.35453,1.21893,1.45977,0.71557,0.61446,0.66083,0.32998,1.70252,1.53998,1.76611,0.00130393,0.00130393,0.00130393
24,1507.39,1.32917,1.20386,1.47055,0.67714,0.67433,0.69507,0.38344,1.62525,1.2875,1.69166,0.00128742,0.00128742,0.00128742
25,1574.01,1.31971,1.18649,1.45089,0.70631,0.65379,0.66226,0.33148,1.69375,1.42544,1.74946,0.00127092,0.00127092,0.00127092
26,1635.72,1.3211,1.22913,1.45929,0.77331,0.55985,0.6843,0.34373,1.62838,1.43249,1.66452,0.00125442,0.00125442,0.00125442
27,1697.18,1.30887,1.16571,1.45796,0.63998,0.54205,0.57238,0.27743,1.72234,1.62978,1.77796,0.00123791,0.00123791,0.00123791
28,1758.39,1.31739,1.15826,1.45228,0.71482,0.66347,0.71728,0.37679,1.65082,1.35468,1.67267,0.00122141,0.00122141,0.00122141
29,1819.69,1.26271,1.10799,1.41781,0.84393,0.61222,0.74488,0.39996,1.56206,1.34627,1.63306,0.00120491,0.00120491,0.00120491
30,1882.43,1.26275,1.083,1.40987,0.7951,0.65597,0.73925,0.38373,1.57736,1.274,1.63919,0.0011884,0.0011884,0.0011884
31,1943.57,1.26503,1.14593,1.41628,0.76232,0.62012,0.6856,0.36122,1.64179,1.3326,1.70599,0.0011719,0.0011719,0.0011719
32,2005.07,1.20871,1.05132,1.38679,0.67719,0.69356,0.68634,0.37399,1.57568,1.38228,1.62007,0.0011554,0.0011554,0.0011554
33,2066.01,1.24758,1.06855,1.39455,0.66694,0.62811,0.63598,0.32511,1.6481,1.36911,1.70201,0.00113889,0.00113889,0.00113889
34,2127.52,1.21285,1.04111,1.3755,0.6552,0.64053,0.57647,0.28948,1.70391,1.53559,1.69057,0.00112239,0.00112239,0.00112239
35,2189.11,1.20861,1.04135,1.38803,0.74911,0.72378,0.72563,0.40133,1.50539,1.32311,1.59795,0.00110589,0.00110589,0.00110589
36,2250.29,1.19019,1.01081,1.36051,0.70677,0.76061,0.7274,0.40591,1.49372,1.21686,1.57787,0.00108938,0.00108938,0.00108938
37,2315.86,1.17857,0.99974,1.37506,0.69749,0.62919,0.69256,0.39301,1.56005,1.37847,1.64968,0.00107288,0.00107288,0.00107288
38,2377.21,1.17852,0.99572,1.35436,0.83504,0.66818,0.73989,0.40095,1.51188,1.16409,1.60205,0.00105638,0.00105638,0.00105638
39,2438.16,1.16677,0.96794,1.3457,0.76608,0.72311,0.74754,0.41312,1.48603,1.18641,1.60535,0.00103987,0.00103987,0.00103987
40,2500.45,1.18035,0.98764,1.37179,0.74817,0.66326,0.72541,0.37449,1.60785,1.27325,1.66727,0.00102337,0.00102337,0.00102337
41,2562.06,1.16387,0.9774,1.3444,0.83417,0.69153,0.74617,0.40618,1.54899,1.1985,1.60367,0.00100687,0.00100687,0.00100687
42,2623.22,1.16012,0.96822,1.34952,0.74895,0.70548,0.71022,0.39276,1.59653,1.28563,1.65195,0.000990365,0.000990365,0.000990365
43,2684.46,1.14119,0.95986,1.34297,0.82193,0.72538,0.78735,0.40605,1.56423,1.12044,1.65084,0.000973861,0.000973861,0.000973861
44,2746.18,1.14592,0.944,1.32994,0.84488,0.70883,0.78383,0.43463,1.48979,1.10845,1.58453,0.000957358,0.000957358,0.000957358
45,2814.05,1.12496,0.91188,1.32543,0.85329,0.70606,0.79219,0.44297,1.51488,1.0734,1.60362,0.000940855,0.000940855,0.000940855
46,2881.85,1.13068,0.92779,1.32747,0.80983,0.71914,0.78805,0.45149,1.43959,1.1617,1.54619,0.000924352,0.000924352,0.000924352
47,2946.49,1.09763,0.89119,1.31413,0.78909,0.71903,0.75709,0.42261,1.48373,1.16327,1.57914,0.000907848,0.000907848,0.000907848
48,3008.89,1.10353,0.86812,1.28786,0.81342,0.69392,0.73795,0.41052,1.53668,1.09249,1.58848,0.000891345,0.000891345,0.000891345
49,3070.45,1.0902,0.89739,1.30029,0.81206,0.74508,0.79791,0.43665,1.50702,1.08769,1.58195,0.000874842,0.000874842,0.000874842
50,3133.24,1.09644,0.86949,1.2959,0.81029,0.71894,0.75951,0.43826,1.53834,1.16189,1.58789,0.000858338,0.000858338,0.000858338
51,3194.05,1.06171,0.83769,1.28472,0.86053,0.70596,0.80112,0.43603,1.50641,1.11663,1.55183,0.000841835,0.000841835,0.000841835
52,3256.57,1.04899,0.87755,1.28939,0.8295,0.73689,0.77516,0.42876,1.54598,1.11417,1.59652,0.000825332,0.000825332,0.000825332
53,3317.51,1.07315,0.86634,1.28215,0.82717,0.69848,0.77723,0.45708,1.4628,1.11111,1.53187,0.000808828,0.000808828,0.000808828
54,3383.09,1.08516,0.83585,1.28052,0.82708,0.75442,0.7906,0.44723,1.46716,1.07316,1.56823,0.000792325,0.000792325,0.000792325
55,3445.61,1.02983,0.82122,1.261,0.87847,0.71828,0.79661,0.46239,1.49328,1.05315,1.57177,0.000775822,0.000775822,0.000775822
56,3510.79,1.05831,0.85079,1.26039,0.79912,0.73504,0.77428,0.45753,1.43082,1.18749,1.52711,0.000759318,0.000759318,0.000759318
57,3574.35,1.02294,0.81382,1.24584,0.86746,0.68635,0.77698,0.45385,1.45,1.11039,1.55133,0.000742815,0.000742815,0.000742815
58,3636.16,1.03196,0.82245,1.24441,0.80833,0.73258,0.79747,0.46977,1.42862,1.06627,1.5256,0.000726312,0.000726312,0.000726312
59,3697.87,1.02738,0.8025,1.25024,0.82633,0.75605,0.79725,0.48221,1.44869,1.02825,1.54381,0.000709809,0.000709809,0.000709809
60,3764.91,1.01871,0.81228,1.24822,0.84624,0.77083,0.83058,0.47474,1.45546,1.08918,1.57241,0.000693305,0.000693305,0.000693305
61,3828.96,1.00187,0.79668,1.2454,0.78794,0.74868,0.77096,0.4286,1.48828,1.09944,1.56379,0.000676802,0.000676802,0.000676802
62,3893.1,0.99979,0.77773,1.23546,0.80074,0.72121,0.77247,0.454,1.45351,1.06623,1.54611,0.000660299,0.000660299,0.000660299
63,3954.71,1.00302,0.78192,1.23064,0.82861,0.67881,0.76383,0.44202,1.49052,1.05911,1.57479,0.000643795,0.000643795,0.000643795
64,4015.74,0.9578,0.75242,1.22168,0.8108,0.73258,0.77067,0.46562,1.45297,1.05384,1.55805,0.000627292,0.000627292,0.000627292
65,4079.46,0.97508,0.744,1.22016,0.8599,0.72689,0.78635,0.47194,1.42774,1.03656,1.53756,0.000610789,0.000610789,0.000610789
66,4140.83,0.96753,0.74448,1.21696,0.86264,0.71495,0.80313,0.45721,1.46685,1.02507,1.54504,0.000594286,0.000594286,0.000594286
67,4203.66,0.97649,0.75107,1.22155,0.82355,0.75702,0.78443,0.48418,1.44793,1.03777,1.56081,0.000577782,0.000577782,0.000577782
68,4265.3,0.93953,0.7155,1.1866,0.8701,0.77299,0.85513,0.48666,1.38327,0.99841,1.49153,0.000561279,0.000561279,0.000561279
69,4331.69,0.94112,0.71891,1.20751,0.82852,0.74616,0.8167,0.48197,1.41586,0.97607,1.50519,0.000544776,0.000544776,0.000544776
70,4393.74,0.93242,0.69905,1.19412,0.87745,0.76477,0.82767,0.4782,1.38344,0.98091,1.5168,0.000528272,0.000528272,0.000528272
71,4457.35,0.93688,0.69072,1.19799,0.83413,0.73824,0.8131,0.48795,1.39367,1.00342,1.51736,0.000511769,0.000511769,0.000511769
72,4518.58,0.92963,0.70185,1.1906,0.83746,0.7428,0.81724,0.47629,1.44983,0.99342,1.52823,0.000495266,0.000495266,0.000495266
73,4582.46,0.91006,0.68188,1.19037,0.84838,0.7447,0.80212,0.48792,1.41207,0.98339,1.53023,0.000478762,0.000478762,0.000478762
74,4645.85,0.91105,0.68727,1.18999,0.86038,0.7272,0.79171,0.47875,1.42396,0.98629,1.55103,0.000462259,0.000462259,0.000462259
75,4709.08,0.91927,0.68243,1.18048,0.87021,0.73712,0.83286,0.49461,1.40156,1.00381,1.5358,0.000445756,0.000445756,0.000445756
76,4775.24,0.89479,0.67201,1.17524,0.81182,0.72879,0.77585,0.47438,1.4161,1.01223,1.54202,0.000429253,0.000429253,0.000429253
77,4838.3,0.89416,0.67491,1.17943,0.88746,0.71098,0.81005,0.4735,1.43547,1.02632,1.55672,0.000412749,0.000412749,0.000412749
78,4899.64,0.87894,0.66253,1.15404,0.86653,0.7116,0.80149,0.48813,1.4176,0.9784,1.53693,0.000396246,0.000396246,0.000396246
79,4963.63,0.89962,0.67066,1.17443,0.8461,0.7607,0.82075,0.48661,1.43099,0.99945,1.56156,0.000379743,0.000379743,0.000379743
80,5027.19,0.87128,0.64175,1.15768,0.81174,0.73645,0.77475,0.46668,1.40854,1.02383,1.56007,0.000363239,0.000363239,0.000363239
81,5089.86,0.86156,0.63958,1.1548,0.82167,0.79033,0.81639,0.49325,1.37804,0.98658,1.51312,0.000346736,0.000346736,0.000346736
82,5152.29,0.86447,0.64966,1.15082,0.81856,0.72671,0.80474,0.47201,1.43706,0.99457,1.52631,0.000330233,0.000330233,0.000330233
83,5213.23,0.85088,0.63065,1.14175,0.82691,0.77659,0.83834,0.49663,1.39836,0.93758,1.53983,0.000313729,0.000313729,0.000313729
84,5280.2,0.86509,0.64439,1.15681,0.77544,0.78411,0.81396,0.49014,1.3957,0.95733,1.52595,0.000297226,0.000297226,0.000297226
85,5341.23,0.84435,0.62783,1.14855,0.76595,0.78967,0.82267,0.49774,1.40245,0.98937,1.53447,0.000280723,0.000280723,0.000280723
86,5405.15,0.8398,0.61028,1.14512,0.8459,0.7706,0.82609,0.48799,1.41573,0.94153,1.53694,0.00026422,0.00026422,0.00026422
87,5466.06,0.83471,0.61701,1.13702,0.86448,0.73371,0.82307,0.50579,1.38036,0.92199,1.49488,0.000247716,0.000247716,0.000247716
88,5528.62,0.82291,0.60705,1.1388,0.86678,0.75349,0.84135,0.50464,1.39825,0.94501,1.53937,0.000231213,0.000231213,0.000231213
89,5590.31,0.82891,0.59986,1.1428,0.85699,0.77386,0.84832,0.49319,1.41154,0.93975,1.55656,0.00021471,0.00021471,0.00021471
90,5655.06,0.79947,0.5841,1.11139,0.85743,0.73428,0.81394,0.47703,1.44892,0.95655,1.59063,0.000198206,0.000198206,0.000198206
91,5716.98,0.71035,0.50591,1.05975,0.87538,0.73977,0.7986,0.49087,1.3964,0.91911,1.58296,0.000181703,0.000181703,0.000181703
92,5778.23,0.70168,0.47621,1.05138,0.85563,0.75795,0.82134,0.48999,1.39322,0.92756,1.54999,0.0001652,0.0001652,0.0001652
93,5838.93,0.68387,0.45435,1.04106,0.86669,0.74533,0.80762,0.48528,1.40099,0.92744,1.57923,0.000148696,0.000148696,0.000148696
94,5902.47,0.67963,0.4517,1.0418,0.84723,0.77735,0.81931,0.49635,1.39657,0.93484,1.57316,0.000132193,0.000132193,0.000132193
95,5963.31,0.6577,0.44048,1.02086,0.85626,0.7428,0.82498,0.49555,1.3898,0.92299,1.56686,0.00011569,0.00011569,0.00011569
96,6027.45,0.66485,0.44007,1.03081,0.88586,0.76894,0.8243,0.50448,1.3876,0.92337,1.54859,9.91865e-05,9.91865e-05,9.91865e-05
97,6088.27,0.64671,0.43725,1.02695,0.84908,0.76262,0.81101,0.50222,1.38788,0.93284,1.55243,8.26832e-05,8.26832e-05,8.26832e-05
98,6152.22,0.65672,0.43552,1.01669,0.85132,0.7625,0.80544,0.50108,1.40161,0.93292,1.56179,6.61799e-05,6.61799e-05,6.61799e-05
99,6213.7,0.63928,0.42237,1.01801,0.89743,0.73523,0.81343,0.49937,1.4093,0.92406,1.575,4.96766e-05,4.96766e-05,4.96766e-05
100,6278.2,0.62793,0.41958,1.01628,0.87144,0.74854,0.81142,0.49693,1.39629,0.92513,1.5663,3.31733e-05,3.31733e-05,3.31733e-05
